Muhurta Type,Date,Day,Month,Paksha,Tithi,Nakshatra,Lagna,Time (From - To),Panchanga,,,
Vivaha (Marriage),6/2/2025,Monday,Jyeshtha,Shukla,Saptami,Makha,Mithuna,06:53 AM – 07:30 AM,,,,
Vivaha (Marriage),6/5/2025,Thursday,Jyeshtha,Shukla,Dashami,Hasta,Mithuna,07:52 AM – 08:51 AM,,,,
Vivaha (Marriage),6/8/2025,Sunday,Jyeshtha,Shukla,Dwadashi,Swati,Mithuna,07:40 AM – 08:39 AM,,,,
Vivaha (Marriage),10/19/2025,Sunday,Ashwayuja,Krishna,Trayodashi,Uttara Phalguni,Vrishchika,08:17 AM – 10:15 AM,,,,
Vivaha (Marriage),2/6/2026,Friday,Magha,Shukla,Panchami,Hasta,Mesha,10:54 AM – 11:09 AM,,,,
Vivaha (Marriage),2/20/2026,Friday,Phalguna,Shukla,Tritiya,Uttara,Mesha,09:58 AM – 11:05 AM,,,,
Vivaha (Marriage),2/20/2026,Friday,Phalguna,Shukla,Tritiya,Uttara,Vrushabha,12:38 PM – 01:30 PM,,,,
Vivaha (Marriage),2/26/2026,Thursday,Phalguna,Shukla,Dashami,Mriga,Vrushabha,11:23 AM – 12:10 PM,,,,
Vivaha (Marriage),3/8/2026,Sunday,Phalguna,Shukla,Panchami,Swati,Vrushabha,10:42 AM – 11:03 AM,,,,
Namakarana (Naming Ceremony),4/23/2025,Wednesday,Chaitra,Krishna,Dashami,Dhanishta,Vrushabha,09:15 AM – 09:28 AM,,,,
Namakarana (Naming Ceremony),6/2/2025,Monday,Jyeshtha,Shukla,Saptami,Makha,Mithuna,06:53 AM – 07:30 AM,,,,
Namakarana (Naming Ceremony),6/5/2025,Thursday,Jyeshtha,Shukla,Dashami,Hasta,Mithuna,07:52 AM – 08:51 AM,,,,
Namakarana (Naming Ceremony),6/8/2025,Sunday,Jyeshtha,Shukla,Dwadashi,Swati,Mithuna,07:40 AM – 08:39 AM,,,,
Namakarana (Naming Ceremony),10/19/2025,Sunday,Ashwayuja,Krishna,Trayodashi,Uttara Phalguni,Vrishchika,08:17 AM – 10:15 AM,,,,
Namakarana (Naming Ceremony),2/6/2026,Friday,Magha,Shukla,Panchami,Hasta,Mesha,10:54 AM – 11:09 AM,,,,
Namakarana (Naming Ceremony),2/20/2026,Friday,Phalguna,Shukla,Tritiya,Uttara,Mesha,09:58 AM – 11:05 AM,,,,
Namakarana (Naming Ceremony),2/20/2026,Friday,Phalguna,Shukla,Tritiya,Uttara,Vrushabha,12:38 PM – 01:30 PM,,,,
Namakarana (Naming Ceremony),2/26/2026,Thursday,Phalguna,Shukla,Dashami,Mriga,Vrushabha,11:23 AM – 12:10 PM,,,,
Namakarana (Naming Ceremony),3/8/2026,Sunday,Phalguna,Shukla,Panchami,Swati,Vrushabha,10:42 AM – 11:03 AM,,,,
Aksharabhyasa (Education Initiation),4/4/2025,Friday,Chaitra,Shukla,Saptami,Arudra,Mesha,07:06 AM – 07:50 AM,,,,
Aksharabhyasa (Education Initiation),4/4/2025,Friday,Chaitra,Shukla,Saptami,Arudra,Vrushabha,09:24 AM – 10:43 AM,,,,
Aksharabhyasa (Education Initiation),5/2/2025,Friday,Vaishakha,Shukla,Panchami,Punarvasu,Vrushabha,07:04 AM – 08:53 AM,,,,
Aksharabhyasa (Education Initiation),6/5/2025,Thursday,Jyeshtha,Shukla,Dashami,Hasta,Mithuna,07:52 AM – 08:51 AM,,,,
Aksharabhyasa (Education Initiation),6/8/2025,Sunday,Jyeshtha,Shukla,Dwadashi,Swati,Mithuna,07:40 AM – 08:39 AM,,,,
Aksharabhyasa (Education Initiation),2/6/2026,Friday,Magha,Shukla,Panchami,Hasta,Mesha,10:54 AM – 11:09 AM,,,,
Aksharabhyasa (Education Initiation),3/8/2026,Sunday,Phalguna,Shukla,Panchami,Swati,Vrushabha,10:42 AM – 11:03 AM,,,,
Gruhapravesha (Housewarming),2/5/2026,Thursday,Magha,Krishna,Panchami,,Vrushabha,1:00 PM,,,,
Gruhapravesha (Housewarming),2/7/2026,Saturday,Magha,Krishna,Shasti,,Vrushabha,12:55 PM,,,,
Gruhapravesha (Housewarming),2/20/2026,Friday,Phalguna,Shukla,Tritiya,Uttara,Vrushabha,12:38 PM – 01:30 PM,,,,
Gruhapravesha (Housewarming),2/21/2026,Saturday,Phalguna,Shukla,Chaturti,,Vrushabha,12:20 PM,,,,
Gruhapravesha (Housewarming),2/22/2026,Sunday,Phalguna,Shukla,Panchami,,Kumbha,12:20 PM,,,,
Gruhapravesha (Housewarming),2/26/2026,Thursday,Phalguna,Shukla,Dashami,Mriga,Vrushabha,11:23 AM – 12:10 PM,,,,
Simanta (Baby Shower),4/23/2025,Wednesday,Chaitra,Krishna,Dashami,Dhanishta,Vrushabha,09:15 AM – 09:28 AM,,,,
Simanta (Baby Shower),10/19/2025,Sunday,Ashwayuja,Krishna,Trayodashi,Uttara,Vrishchika,08:17 AM – 10:15 AM,,,,
Simanta (Baby Shower),2/6/2026,Friday,Magha,Shukla,Panchami,Hasta,Mesha,10:54 AM – 11:09 AM,,,,
Simanta (Baby Shower),2/20/2026,Friday,Phalguna,Shukla,Tritiya,Uttara,Mesha,09:58 AM – 11:05 AM,,,,
Simanta (Baby Shower),2/26/2026,Thursday,Phalguna,Shukla,Dashami,Mriga,Vrushabha,11:23 AM – 12:10 PM,,,,
Simanta (Baby Shower),3/8/2026,Sunday,Phalguna,Shukla,Panchami,Swati,Vrushabha,10:42 AM – 11:03 AM,,,,
Karnavedhana (Ear Piercing),2/6/2026,Friday,Magha,Krishna,Panchami,Hasta,Mesha,10:54 AM - 11:09 AM,,,,
Karnavedhana (Ear Piercing),2/20/2026,Friday,Phalguna,Shukla,Tritiya,Uttara,Mesha,09:58 AM - 11:05 AM,,,,
Karnavedhana (Ear Piercing),2/20/2026,Friday,Phalguna,Shukla,Tritiya,Uttara,Vrushabha,12:38 PM - 1:30 PM,,,,
Karnavedhana (Ear Piercing),2/26/2026,Thursday,Phalguna,Shukla,Dashami,Mrugashira,Vrushabha,11:23 AM - 12:10 PM,,,,
Upanayana,2/20/2026,Friday,Phalguna,Shukla,Tritiya,,Mesha,9:55 AM,,,,
Upanayana,2/22/2026,Sunday,Phalguna,Shukla,Panchami,,Mesha,9:45 AM,,,,
Vivaha (Marriage),4/26/2026,Sunday,Vaishakha,Shukla,Dashami,Makha,Vrushabha,7:16 AM-8:20 AM,OKPL,,,
Vivaha (Marriage),4/29/2026,Wednesday,Vaishakha,Shukla,Trayodashi,Hasta,Vrushabha,7:28 AM-7:38 AM,OKPL,,,
Vivaha (Marriage),4/29/2026,Wednesday,Vaishakha,Shukla,Trayodashi,Hasta,Mithuna,10:21AM-10:46AM,OKPL,,,
Vivaha (Marriage),2/11/2027,Thursday,Magha,Shukla,Panchami,Revathi,Mesha,11:11AM - 12:09AM,OKPL,,,
Vivaha (Marriage),2/25/2027,Thursday,Magha,Krishna,Panchami,Chithe(Swathi),Vrushabha,11:28 AM - 1:17 AM,OKPL,,,
Vivaha (Marriage),3/11/2027,Thursday,Phalguna,Shukla,Tritiya,Revathi,Mesha,8:44 AM-9:30 AM,OKPL,,,
Vivaha (Marriage),3/11/2027,Thursday,Phalguna,Shukla,Tritiya,Revathi,Vrushabha,11:5 AM - 11:20 AM,OKPL,,,
Vivaha (Marriage),3/11/2027,Thursday,Phalguna,Shukla,Tritiya,Revathi(Aswini),Vrushabha,11:21 AM - 12:21 AM,OKPL,,,
Vivaha (Marriage),3/25/2027,Thursday,Phalguna,Krishna,Tritiya,Swati,Vrushabha,10:59 AM-11:24 AM,OKPL,,,
Vivaha (Marriage),3/29/2027,Monday,Phalguna,Krishna,Sapthami,Moola,Mesha,7:32 AM-7:52AM,OKPL,,,
Vivaha (Marriage),4/1/2027,Thursday,Phalguna,Krishna,Dashami,Uttarashada,Mesha,7:52 AM-8:55 AM,OKPL,,,
Gruhapravesha (Housewarming),2/8/2027,Monday,Magha,Shukla,Dwitiya,Shatbisha,Vrushabha,12:38 PM-2:00 PM,OKPL,,,
Gruhapravesha (Housewarming),2/11/2027,Thursday,Magha,Shukla,Panchami,Revathi,Vrushabha,12:22PM-2:05PM,OKPL,,,
Gruhapravesha (Housewarming),3/11/2027,Thursday,Phalguna,Shukla,Tritiya,Revathi,Vrushabha,11:05 AM-11:20 AM,OKPL,,,
Gruhapravesha (Housewarming),3/24/2027,Wednesday,Phalguna,Krishna,Dwitiya,Chithe,Vrushabha,9:40 AM-10:55 AM,OKPL,,,
Namakarana (Naming Ceremony),4/12/2026,Sunday,Chaitra,Krishna,Dashami,Shravana,Mesha,6:36 AM-8:11 AM,OKPL,,,
Namakarana (Naming Ceremony),4/12/2026,Sunday,Chaitra,Krishna,Dashami,Shravana,Vrushabha,8:24 AM-10:13 AM,OKPL,,,
Namakarana (Naming Ceremony),4/26/2026,Sunday,Vaishakha,Shukla,Dashami,Makha,Vrushabha,7:28 AM-8:20 AM,OKPL,,,
Namakarana (Naming Ceremony),4/29/2026,Wednesday,Vaishakha,Shukla,Trayodashi,Hasta,Vrushabha,7:16 AM-7:38 AM,OKPL,,,
Namakarana (Naming Ceremony),4/29/2026,Wednesday,Vaishakha,Shukla,Trayodashi,Hasta,Mithuna,10:21 AM-10:46 AM,OKPL,,,
Namakarana (Naming Ceremony),12/8/2026,Monday,Magha,Shukla,Dwitiya,Shatbisha,Mesha,10:47 AM-11:09 AM,OKPL,,,
Namakarana (Naming Ceremony),2/11/2027,Thursday,Magha,Shukla,Panchami,Revathi,Mesha,11:11 AM - 12:09 AM,OKPL,,,
Namakarana (Naming Ceremony),2/19/2027,Friday,Magha,Shukla,Trayodashi,Pushya,Mesha,10:02 AM-11:05 AM,OKPL,,,
Namakarana (Naming Ceremony),2/25/2027,Thursday,Magha,Krishna,Panchami,Chite(Swathi),Vrushabha,11:28 AM-1:17 AM,OKPL,,,
Namakarana (Naming Ceremony),3/11/2027,Thursday,Phalguna,Shukla,Tritiya,Revathi,Mesha,8:44 AM-9:30 AM,OKPL,,,
Namakarana (Naming Ceremony),3/11/2027,Thursday,Phalguna,Shukla,Tritiya,Revathi,Vrushabha,11:05 AM-11:20 AM,OKPL,,,
Namakarana (Naming Ceremony),3/11/2027,Thursday,Phalguna,Shukla,Tritiya,Revathi(Ashwini),Vrushabha,11:21 AM - 12:21 AM,OKPL,,,
Namakarana (Naming Ceremony),3/25/2027,Thursday,Phalguna,Krishna,Tritiya,Swati,Vrushabha,10:59 AM-11:24 AM,OKPL,,,
Namakarana (Naming Ceremony),4/1/2027,Thursday,Phalguna,Krishna,Dashami,Uttarashada,Mesha,7:52 AM-8:55 AM,OKPL,,,
Aksharabhyasa (Education Initiation),4/29/2026,Wednesday,Vaishakha,Shukla,Trayodashi,Hasta,Vrushabha,7:16 AM-7:38 AM,OKPL,,,
Aksharabhyasa (Education Initiation),4/29/2026,Wednesday,Vaishakha,Shukla,Trayodashi,Hasta,Mithuna,10:21 AM-10:46 AM,OKPL,,,
Aksharabhyasa (Education Initiation),2/11/2027,Thursday,Magha,Shukla,Panchami,Revathi,Mesha,11:11 AM - 12:09 AM,OKPL,,,
Aksharabhyasa (Education Initiation),3/11/2027,Thursday,Phalguna,Shukla,Tritiya,Revathi,Mesha,8:44 AM-9:30 AM,OKPL,,,
Aksharabhyasa (Education Initiation),3/11/2027,Thursday,Phalguna,Shukla,Tritiya,Revathi,Vrushabha,11:05 AM-11:20 AM,OKPL,,,
Aksharabhyasa (Education Initiation),3/11/2027,Thursday,Phalguna,Shukla,Tritiya,Revathi(Ashwini),Vrushabha,11:21 AM - 12:21 AM,OKPL,,,
Aksharabhyasa (Education Initiation),3/24/2027,Wednesday,Phalguna,Krishna,Dwitiya,Chithe,Vrushabha,9:40 AM-10:55 AM,OKPL,,,
Aksharabhyasa (Education Initiation),3/25/2027,Thursday,Phalguna,Krishna,Tritiya,Swati,Vrushabha,10:59 AM-11:24 AM,OKPL,,,
Karnavedhana (Ear Piercing),4/12/2026,Sunday,Chaitra,Krishna,Dashami,Shravana,Mesha,6:36 AM-8:11 AM,OKPL,,,
Karnavedhana (Ear Piercing),4/12/2026,Sunday,Chaitra,Krishna,Dashami,Shravana,Vrushabha,8:24 AM-10:13 AM,OKPL,,,
Karnavedhana (Ear Piercing),4/29/2026,Wednesday,Vaishakha,Shukla,Trayodashi,Hasta,Vrushabha,7:16 AM-7:38 AM,OKPL,,,
Karnavedhana (Ear Piercing),4/29/2026,Wednesday,Vaishakha,Shukla,Trayodashi,Hasta,Mithuna,10:21 AM-10:46 AM,OKPL,,,
Karnavedhana (Ear Piercing),2/11/2027,Thursday,Magha,Shukla,Panchami,Revathi,Mesha,11:11 AM - 12:09 AM,OKPL,,,
Karnavedhana (Ear Piercing),2/19/2027,Friday,Magha,Shukla,Trayodashi,Pushya,Mesha,10:02 AM-11:05 AM,OKPL,,,
Karnavedhana (Ear Piercing),3/11/2027,Thursday,Phalguna,Shukla,Tritiya,Revathi,Mesha,8:44 AM-9:30 AM,OKPL,,,
Karnavedhana (Ear Piercing),3/11/2027,Thursday,Phalguna,Shukla,Tritiya,Revathi,Vrushabha,11:05 AM-11:20 AM,OKPL,,,
Karnavedhana (Ear Piercing),3/11/2027,Thursday,Phalguna,Shukla,Tritiya,Revathi(Ashwini),Vrushabha,11:21 AM - 12:21 AM,OKPL,,,
Karnavedhana (Ear Piercing),3/24/2027,Wednesday,Phalguna,Krishna,Dwitiya,Chithe,Vrushabha,9:40 AM-10:55 AM,OKPL,,,
Karnavedhana (Ear Piercing),4/1/2027,Thursday,Phalguna,Krishna,Dashami,Uttarashada,Mesha,7:52 AM-8:55 AM,OKPL,,,
Simanta (Baby Shower),4/12/2026,Sunday,Chaitra,Krishna,Dashami,Shravana,Mesha,6:36 AM-8:11 AM,OKPL,,,
Simanta (Baby Shower),4/29/2026,Wednesday,Vaishakha,Shukla,Trayodashi,Hasta,Vrushabha,7:16 AM-7:38 AM,OKPL,,,
Simanta (Baby Shower),3/11/2027,Thursday,Phalguna,Shukla,Tritiya,Revathi,Mesha,8:44 AM-9:30 AM,OKPL,,,
Simanta (Baby Shower),4/1/2027,Thursday,Phalguna,Krishna,Dashami,Uttarashada,Mesha,7:52 AM-8:55 AM,OKPL,,,
Vivaha (Marriage),4/20/2026,Monday,Vaishakha,Shukla,Tritiya,Rohini,Vrishabha,9:28 AM,RM,,,
Vivaha (Marriage),4/30/2026,Thursday,Vaishakha,Shukla,Chaturdashi,Chitra,Vrishabha,8:50 AM,RM,,,
Vivaha (Marriage),5/6/2026,Wednesday,Vaishakha,Krishna,Panchami,Moola,Mesha,5:50 AM,RM,,,
Vivaha (Marriage),7/5/2026,Sunday,Jyeshtha,Krishna,Panchami,Shatatara,Mithuna,5:15 AM,RM,,,
Vivaha (Marriage),2/11/2027,Thursday,Magha,Shukla,Panchami,Revati,Meena,10:10 AM,RM,,,
Vivaha (Marriage),2/11/2027,Thursday,Magha,Shukla,Panchami,Revati,Mesha,11:10 AM,RM,,,
Vivaha (Marriage),2/25/2027,Thursday,Magha,Krishna,Panchami,Chitra,Vrishabha,11:10 AM,RM,,,
Vivaha (Marriage),3/11/2027,Thursday,Phalguna,Shukla,Tritiya,Revati,Kumbha,6:40 AM,RM,,,
Vivaha (Marriage),3/15/2027,Monday,Phalguna,Shukla,Sapthami,Rohini,Kumbha,5:40 AM,RM,,,
Vivaha (Marriage),3/15/2027,Monday,Phalguna,Shukla,Sapthami,Rohini,Mesha,9:20 AM,RM,,,
Vivaha (Marriage),3/15/2027,Monday,Phalguna,Shukla,Sapthami,Mrigashira,Kumbha,10:20 AM,RM,,,
Upanayana,4/20/2026,Monday,Vaishakha,Shukla,Tritiya,Rohini,Vrishabha,9:28 AM,RM,,,
Upanayana,4/23/2026,Thursday,Vaishakha,Shukla,Sapthami,Punarvasu,Mithuna,11:25 AM,RM,,,
Upanayana,5/4/2026,Monday,Vaishakha,Krishna,Tritiya,Anuradha,Mithuna,9:05 AM,RM,,,
Upanayana,5/4/2026,Monday,Vaishakha,Krishna,Tritiya,Anuradha,Mithuna,9:40 AM,RM,,,
Upanayana,2/11/2027,Thursday,Magha,Shukla,Panchami,Revati,Mesha,11:10 AM,RM,,,
Upanayana,2/25/2027,Thursday,Magha,Krishna,Panchami,Chitra,Vrishabha,11:10 AM,RM,,,
Upanayana,2/25/2027,Thursday,Magha,Krishna,Panchami,Swati,Vrishabha,11:50 AM,RM,,,
Upanayana,3/11/2027,Thursday,Phalguna,Shukla,Tritiya,Revati,Vrishabha,11:10 AM,RM,,,
Gruhapravesha (Housewarming),4/20/2026,Monday,Shukla,Shukla,Tritiya,Rohini,Meena,5:20 AM,RM,,,
Gruhapravesha (Housewarming),4/20/2026,Monday,Shukla,Shukla,Tritiya,Rohini,Vrishabha,9:28 AM,RM,,,
Gruhapravesha (Housewarming),4/23/2026,Thursday,Shukla,Shukla,Sapthami,Punarvasu,Meena,4:45 AM,RM,,,
Gruhapravesha (Housewarming),4/29/2026,Wednesday,Shukla,Shukla,Trayodashi,Hasta,Meena,5:00 AM,RM,,,
Gruhapravesha (Housewarming),4/29/2026,Wednesday,Shukla,Krishna,Trayodashi,Hasta,Vrishabha,9:00 AM,RM,,,
Gruhapravesha (Housewarming),5/4/2026,Monday,Krishna,Krishna,Tritiya,Krittika,Kumbha,4:25 AM,RM,,,
Gruhapravesha (Housewarming),5/4/2026,Monday,Krishna,Krishna,Tritiya,Krittika,Mithuna,9:10 AM,RM,,,
Gruhapravesha (Housewarming),7/3/2026,Friday,Krishna,Shukla,Tritiya,Shravana,Vrishabha,4:20 AM,RM,,,
Gruhapravesha (Housewarming),7/5/2026,Sunday,Krishna,Krishna,Panchami,Uttara Ashadha,Vrishabha,4:20 AM,RM,,,
Gruhapravesha (Housewarming),11/30/2026,Monday,Krishna,Krishna,Sapthami,Swati,Dhanu,9:45 AM,RM,,,
Gruhapravesha (Housewarming),12/14/2026,Monday,Shukla,Shukla,Panchami,Mrigashira,Tula,4:20 AM,RM,,,
Gruhapravesha (Housewarming),12/14/2026,Monday,Shukla,Shukla,Panchami,Mrigashira,Dhanu,7:20 AM,RM,,,
Gruhapravesha (Housewarming),2/11/2027,Thursday,Shukla,Shukla,Panchami,Revati,Meena,10:10 AM,RM,,,
Gruhapravesha (Housewarming),2/25/2027,Thursday,Krishna,Krishna,Panchami,Chitra,Vrishabha,11:20 AM,RM,,,
Gruhapravesha (Housewarming),3/11/2027,Thursday,Shukla,Shukla,Tritiya,Revati,Kumbha,5:40 AM,RM,,,
Vivaha (Marriage),4/26/2026,Sunday,Vaishakha,Shukla,Dashami,Magha,Karka,11:30 AM,VM,,,
Vivaha (Marriage),5/3/2026,Sunday,Vaishakha,Krishna,Dwitiya,Anuradha,Mithuna,10:10 AM,VM,,,
Vivaha (Marriage),5/6/2026,Wednesday,Vaishakha,Krishna,Chaturthi,Moola,Mithuna/Karka,10:00 AM - 11:00 AM,VM,,,
Vivaha (Marriage),5/8/2026,Friday,Vaishakha,Krishna,Shashti,U:Shadha,Mithuna/Karka,09:50 AM - 10:50 AM,VM,,,
Vivaha (Marriage),5/10/2026,Sunday,Vaishakha,Krishna,Ashtami,Dhanishta,Mithuna/Karka,09:40 AM - 10:40 AM,VM,,,
Vivaha (Marriage),6/22/2026,Monday,Nija Jyeshta,Shukla,Ashtami,Uttara,Karka,9:15 AM,VM,,,
Vivaha (Marriage),6/24/2026,Wednesday,Nija Jyeshta,Shukla,Dashami,Chitra,Karka,8:20 AM,VM,,,
Vivaha (Marriage),7/2/2026,Monday,Nija Jyeshta,Krishna,Saptami,Magha,Mithuna,07:10 AM - 08:10 AM,VM,,,
Vivaha (Marriage),11/13/2026,Friday,Karthika,Shukla,Chaturthi,Moola,Dhanu,10:00 AM,VM,,,
Vivaha (Marriage),11/15/2026,Sunday,Karthika,Shukla,Shashti,U:Shadha,Dhanu,10:10 AM,VM,,,
Vivaha (Marriage),11/26/2026,Thursday,Karthika,Krishna,Dwitiya,Mrigashira,Dhanu,9:30 AM,VM,,,
Vivaha (Marriage),12/3/2026,Thursday,Karthika,Krishna,Dashami,Uttara,Dhanu,7:55 AM,VM,,,
Vivaha (Marriage),12/14/2026,Monday,Margashira,Shukla,Panchami,Dhanishta,Dhanu,8:15 AM,VM,,,
Vivaha (Marriage),2/10/2027,Wednesday,Magha,Shukla,Chaturthi,U:Bhadrapada,Vrushabha,12:15 PM,VM,,,
Vivaha (Marriage),2/24/2027,Wednesday,Magha,Krishna,Chaturthi,Hasta,Vrushabha,12:15 PM,VM,,,
Vivaha (Marriage),2/25/2027,Thursday,Magha,Krishna,Panchami,Chitra,Vrushabha,11:15 AM,VM,,,
Vivaha (Marriage),2/28/2027,Sunday,Magha,Krishna,Ashtami,Anuradha,Meena,12:15 PM,VM,,,
Vivaha (Marriage),3/12/2027,Friday,Phalguna,Shukla,Chaturthi,Ashwini,Vrushabha,10:10 AM,VM,,,
Vivaha (Marriage),3/14/2027,Sunday,Phalguna,Shukla,Shashti,Rohini,Vrushabha/Mithuna,10:40 AM - 12:10 PM,VM,,,
Vivaha (Marriage),3/24/2027,Wednesday,Phalguna,Krishna,Dwitiya,Chitra,Vrushabha/Mithuna,10:00 AM - 11:30 AM,VM,,,
Vivaha (Marriage),3/25/2027,Thursday,Phalguna,Krishna,Tritiya,Swati,Vrushabha/Mithuna,09:50 AM - 11:25 AM,VM,,,
Upanayana,4/26/2026,Sunday,Vaishakha,Shukla,Dashami,Magha,Karka,11:30 AM,VM,,,
Upanayana,3/25/2026,Wednesday,Chaitra,Shukla,Saptami,Mrigashira,Vrushabha/Mithuna,09:05 AM - 11:30 AM,VM,,,
Upanayana,3/27/2026,Friday,Chaitra,Shukla,Navami,Punarvasu,Vrushabha,9:40 AM,VM,,,
Upanayana,4/6/2026,Monday,Chaitra,Krishna,Chaturthi,Anuradha,Vrushabha/Mithuna,09:00 AM - 10:40 AM,VM,,,
Upanayana,4/23/2026,Thursday,Vaishakha,Shukla,Saptami,Punarvasu,Vrushabha/Mithuna,08:25 AM - 11:20 AM,VM,,,
Upanayana,5/3/2026,Sunday,Vaishakha,Krishna,Dwitiya,Anuradha,Mithuna,10:10 AM,VM,,,
Upanayana,6/17/2026,Wednesday,Jyeshta,Shukla,Tritiya,Punarvasu,Mithuna/?,07:35 AM - 08:40 AM,VM,,,
Upanayana,2/24/2027,Wednesday,Magha,Krishna,Chaturthi,Hasta,Vrushabha,11:15 AM,VM,,,
Upanayana,2/25/2027,Thursday,Magha,Krishna,Panchami,Chitra,Vrushabha,11:10 AM,VM,,,
Upanayana,2/26/2027,Friday,Magha,Krishna,Shashti,Swati,Meena,7:40 AM,VM,,,
Upanayana,3/10/2027,Wednesday,Phalguna,Krishna,Dwitiya,U:Bhadrapada,Meena,7:00 AM,VM,,,
Upanayana,3/12/2027,Friday,Phalguna,Shukla,Chaturthi,Ashwini,Vrushabha,10:15 AM,VM,,,
Upanayana,3/24/2027,Wednesday,Phalguna,Krishna,Dwitiya,Chitra,Vrushabha/Mithuna,10:00 AM - 11:35 AM,VM,,,
Vivaha (Marriage),4/26/2026,Sunday,Vaishakha,Shukla,Dashami,Magha,Mithuna,9:40 AM,UM,,,
Vivaha (Marriage),4/30/2026,Thursday,Vaishakha,Shukla,Chaturdashi,Chitra,Mithuna,9:30 AM,UM,,,
Vivaha (Marriage),5/1/2026,Friday,Vaishakha,Shukla,Pournima,Swati,Mithuna,10:40 AM,UM,,,
Vivaha (Marriage),5/3/2026,Sunday,Vaishakha,Krishna,Dwitiya,Anu,Abhijit,12:20 PM,UM,,,
Vivaha (Marriage),5/6/2026,Wednesday,Vaishakha,Krishna,Panchami,Moolam,Abhijit,12:20 PM,UM,,,
Vivaha (Marriage),5/8/2026,Friday,Vaishakha,Krishna,Shashti,U:Shadha,Abhijit,12:20 PM,UM,,,
Vivaha (Marriage),5/9/2026,Saturday,Vaishakha,Krishna,Sapthami,Shravana,Vrushabha,8:12 AM,UM,,,
Vivaha (Marriage),5/10/2026,Sunday,Vaishakha,Krishna,Ashtami,Dhanishta,Vrushabha,8:08 AM,UM,,,
Vivaha (Marriage),6/24/2026,Wednesday,Nija Jyeshta,Shukla,Dashami,Chitra,Mithuna,7:25 AM,UM,,,
Vivaha (Marriage),7/5/2026,Sunday,Nija Jyeshta,Krishna,Panchami,Shatabhisha,Abhijit,12:27 PM,UM,,,
Vivaha (Marriage),7/8/2026,Wednesday,Nija Jyeshta,Krishna,Ashtami,Revati,Abhijit,12:27 PM,UM,,,
Vivaha (Marriage),11/25/2026,Wednesday,Karthika,Krishna,Paratipada,Rohini,Abhijit,12:00 PM,UM,,,
Gruhapravesha (Housewarming),4/23/2026,Thursday,Vaishakha,Shukla,Sapthami,Punarvasu,Vrushabha,8:20 AM,UM,,,
Gruhapravesha (Housewarming),4/26/2026,Sunday,Vaishakha,Shukla,Dashami,Magha,Mithuna,9:40 AM,UM,,,
Gruhapravesha (Housewarming),5/1/2026,Friday,Vaishakha,Shukla,Pournima,Swati,Mithuna,10:40 AM,UM,,,
Gruhapravesha (Housewarming),5/6/2026,Wednesday,Vaishakha,Krishna,Panchami,Moolam,Makara,9:05 AM,UM,,,
Gruhapravesha (Housewarming),12/3/2026,Thursday,Karthika,Krishna,Dashami,U:Phalguni,Dhanu,8:00 AM,UM,,,
Gruhapravesha (Housewarming),12/30/2026,Wednesday,Margashira,Krishna,Sapthami,U:Phalguni,Dhanu,6:20 AM,UM,,,
Gruhapravesha (Housewarming),12/31/2026,Thursday,Margashira,Krishna,Ashtami,Hasta,Dhanu,6:15 AM,UM,,,
Gruhapravesha (Housewarming),1/1/2027,Friday,Margashira,Krishna,Navami,Chitra,Dhanu,6:10 AM,UM,,,
Gruhapravesha (Housewarming),1/2/2027,Saturday,Margashira,Krishna,Dashami,Swati,Dhanu,6:05 AM,UM,,,
Gruhapravesha (Housewarming),2/11/2027,Thursday,Magha,Shukla,Panchami,Revati,Meena,9:45 AM,UM,,,
Gruhapravesha (Housewarming),2/12/2027,Friday,Magha,Shukla,Shashti,Ashwini,Meena,9:35 AM,UM,,,
Gruhapravesha (Housewarming),2/19/2027,Friday,Magha,Shukla,Trayodashi,Pushya,Meena,9:05 AM,UM,,,
Gruhapravesha (Housewarming),2/23/2027,Tuesday,Magha,Krishna,Tritiya,U:Phalguni,Meena,8:50 AM,UM,,,
Gruhapravesha (Housewarming),3/10/2027,Wednesday,Phalguna,Shukla,Dwitiya,U:Bhadrapada,Meena/Vrushabha,07:50 AM - 11:10 AM,UM,,,
Gruhapravesha (Housewarming),3/11/2027,Thursday,Phalguna,Shukla,Tritiya,Revati,Meena/Mesha,07:45 AM - 08:55 AM,UM,,,
Gruhapravesha (Housewarming),3/12/2027,Friday,Phalguna,Shukla,Chaturthi,Ashwini,Meena,7:40 AM,UM,,,
Upanayana,3/20/2026,Friday,Chaitra,Shukla,Dwitiya,Revati,Vrushabha,10:30 AM,UM,,,
Upanayana,3/25/2026,Wednesday,Chaitra,Shukla,Saptami,Mrigashira,Vrushabha,10:10 AM,UM,,,
Upanayana,4/23/2026,Thursday,Vaishakha,Shukla,Saptami,Punarvasu,Vrushabha,8:20 AM,UM,,,
Upanayana,5/3/2026,Sunday,Vaishakha,Krishna,Dwitiya,Anuradha,Vrushabha,8:25 AM,UM,,,
Upanayana,6/24/2026,Wednesday,Nija Jyeshta,Shukla,Dashami,Chitra,Mithuna,7:20 AM,UM,,,
Upanayana,7/5/2026,Sunday,Nija Jyeshta,Krishna,Panchami,Shatabhisha,Mithuna,6:30 AM,UM,,,
Upanayana,2/11/2027,Thursday,Magha,Shukla,Panchami,Revati,Mesha,10:40 AM,UM,,,
Upanayana,2/12/2027,Friday,Magha,Shukla,Shashti,Ashwini,Mesha,10:40 AM,UM,,,
Upanayana,3/10/2027,Wednesday,Phalguna,Shukla,Dwitiya,U:Bhadrapada,Mesha,8:55 AM,UM,,,
Upanayana,3/11/2027,Thursday,Phalguna,Shukla,Tritiya,Revati,Mesha,8:55 AM,UM,,,
Vivaha (Marriage),11/26/2026,Thursday,Karthika,Krishna,Dwitiya,Mrigashira,Abhijit,12:00 PM,UM,,,
Vivaha (Marriage),12/3/2026,Thursday,Karthika,Krishna,Dashami,Uttara Phalguni,Dhanu,8:00 AM,UM,,,
Vivaha (Marriage),12/12/2026,Saturday,Margashira,Shukla,Tritiya,Uttara Ashadha,Abhijit,12:20 PM,UM,,,
Vivaha (Marriage),12/13/2026,Sunday,Margashira,Shukla,Chathurthi,Shravana,Abhijit,12:30 PM,UM,,,
Vivaha (Marriage),12/28/2026,Monday,Margashira,Krishna,Panchami,Magha,Dhanu,6:25 AM - 8:00 AM,UM,,,
Vivaha (Marriage),12/30/2026,Wednesday,Margashira,Krishna,Sapthami,Uttara Phalguni,Dhanu,6:20 AM - 7:55 AM,UM,,,
Vivaha (Marriage),12/31/2026,Thursday,Margashira,Krishna,Ashtami,Hasta,Dhanu,6:15 AM - 7:45 AM,UM,,,
Vivaha (Marriage),1/1/2027,Friday,Margashira,Krishna,Navami,Chitra,Dhanu,6:10 AM - 7:40 AM,UM,,,
Vivaha (Marriage),1/2/2027,Saturday,Margashira,Krishna,Dashami,Swati,Dhanu,6:05 AM - 7:35 AM,UM,,,
Vivaha (Marriage),1/26/2027,Tuesday,Pushya,Krishna,Panchami,Uttara Phalguni,Abhijit,12:36 PM,UM,,,
Vivaha (Marriage),1/27/2027,Wednesday,Pushya,Krishna,Sasthi,Hasta,Abhijit,12:36 PM,UM,,,
Vivaha (Marriage),1/28/2027,Thursday,Pushya,Krishna,Sapthami,Chitra,Abhijit,12:36 PM,UM,,,
Vivaha (Marriage),1/29/2027,Friday,Pushya,Krishna,Ashtami,Swati,Abhijit,12:36 PM,UM,,,
Vivaha (Marriage),2/10/2027,Wednesday,Magha,Shukla,Chaturthi,Uttara Bhadra,Mesha,10:50 AM,UM,,,
Vivaha (Marriage),2/11/2027,Thursday,Magha,Shukla,Panchami,Revati,Mesha,10:48 AM,UM,,,
Vivaha (Marriage),2/12/2027,Friday,Magha,Shukla,Sasthi,Ashwini,Mesha,10:45 AM,UM,,,
Vivaha (Marriage),2/19/2027,Friday,Magha,Shukla,Trayodashi,Pushya,Mesha,10:45 AM,UM,,,
Vivaha (Marriage),2/23/2027,Tuesday,Magha,Krishna,Tritiya,Uttara Phalguni,Mesha,10:00 AM,UM,,,
Vivaha (Marriage),25-2-2027',Thursday,Magha,Krishna,Panchami,Chitra,Mesha,9:50 AM,UM,,,
Vivaha (Marriage),2/26/2027,Friday,Magha,Krishna,Sasthi,Swati,Mesha,9:45 AM,UM,,,
Vivaha (Marriage),3/10/2027,Wednesday,Phalguna,Shukla,Dwitiya,Uttara Bhadra,Mesha,9:00 AM,UM,,,
Vivaha (Marriage),3/11/2027,Thursday,Phalguna,Shukla,Tritiya,Revati,Mesha,8:55 AM,UM,,,
